Object,RA2000,DE2000,RA,Dec,redshift,MType,sma_host,smb_host,sma_ring,smb_ring,PA,Av,Ag,Ar,Az,rmag_host,rmag_ring,rmag_total,gmag_host,gmag_ring,gmag_total,zmag_host,zmag_ring,zmag_total,rmag_host_error,rmag_ring_error,rmag_total_error,gmag_host_error,gmag_ring_error,gmag_total_error,zmag_host_error,zmag_ring_error,zmag_total_error,g_r_host,g_r_ring,g_r_total,g_r_host_err,g_r_ring_err,g_r_total_err,r_z_host,r_z_ring,r_z_total,r_z_host_err,r_z_ring_err,r_z_total_err
FM 298-9,02 09 44.20,-37 33 02.79,32.43416667,-37.550775,,HL,5.13,5.11,22.97,20.17,0,0.037,0.045038959596795,0.0307887164954421,0.0169185340367381,18.7035694118165,17.7138919389545,17.3470914624163,19.9561080656617,18.3037255881873,18.0893429909377,17.9701177050553,17.3450691207203,16.8606468067819,0.0100758321498791,0.0060121688462769,0.0031697955304048,0.0095976540814535,0.0035063688470555,0.0023078029405449,0.0105708235010321,0.0086325380768566,0.0040068844712957,1.25253865384514,0.589833649232748,0.74225152852144,0.0139153640764365,0.0069599422934205,0.0039209129188191,0.733451706761215,0.368822818234261,0.48644465563444,0.0146035852790508,0.0105198330730351,0.0051090827817608
FM 438-6,11 00 22.66,-28 45 42.78,165.0944167,-28.76188333,,HL,6.95,6.52,24.49,23.1,48,0.139,0.169200415782554,0.115665718726121,0.0635588170569353,17.9564975990942,16.877834221332,16.5358079555323,19.0044971499188,17.6284581737963,17.3591034251788,17.2653706610675,16.3966885448536,15.9937999949929,0.0089218040845742,0.0048991723502493,0.0026401474303786,0.0082118247582402,0.0036126628368294,0.0021659435613223,0.010920194350789,0.0071150552448613,0.0035554288398359,1.04799955082465,0.750623952464228,0.823295469646435,0.012125702205793,0.006087135819912,0.0034149216630793,0.691126938026649,0.481145676478459,0.542007960539463,0.014101391164794,0.0086386284128255,0.0044284819847519
HRG 19504,01 04 56.59,-47 11 08.61,16.23579167,-47.185725,0.138,E,11.84,8.56,22.09,16.85,39,0.04,0.0486907671316702,0.0332850989139915,0.0182903070667439,17.1072175569075,17.7738349901094,16.6375742358431,18.0501307741567,18.3871582591141,17.4530444488499,16.4758554732793,17.3950435516515,16.088374352887,0.006357294065494,0.0167613114426926,0.0041985035583522,0.0060365520170642,0.0118590502511909,0.0036103108118163,0.0075251710152097,0.0249376313660042,0.0053186335592774,0.94291321724911,0.613323269004606,0.815470213006726,0.0087667067984442,0.0205323801381917,0.0055373076749819,0.631362083628222,0.378791438457949,0.549199882956142,0.0098510601786467,0.0300470800482452,0.0067760825753062
HRG 19501,00 48 21.34,-47 52 20.31,12.08891667,-47.87230833,0.075,E,10.29,8.58,27.18,18.6,96,0.031,0.0377353445270444,0.0257959516583434,0.0141749879767265,16.1956401955737,16.1518976138201,15.4209736405686,17.1297299854424,16.8563867779105,16.231903958398,15.5885269258746,15.6921166095445,14.8865118152507,0.0063675786935486,0.008903067779864,0.0033000224677652,0.0053214074826215,0.0061071110614465,0.002527471214402,0.006616046079698,0.0105138985105148,0.0036128182628427,0.934089789868697,0.704489164090447,0.810930317829426,0.0082983996056249,0.0107963614893952,0.0041567125264307,0.607113269699116,0.45978100427558,0.534461825317836,0.009182490084243,0.013777034433515,0.0048931180333286
FM 197-28,02 17 16.22,-48 42 47.92,34.31758333,-48.71331111,,E,12.11,9.98,28.2,25.59,0,0.058,0.0706016123409219,0.0482633934252877,0.0265209452467787,16.9848979161643,17.1000705288156,16.2883827902501,17.8747391283274,17.6449837177913,17.0012203483958,16.3927886915988,16.7173710533659,15.7904204894036,0.0056086668429467,0.0089081421888223,0.0030120024654536,0.0051141086634274,0.0059902603766117,0.0023935500875838,0.006180067372758,0.0118621993615532,0.0035946598839736,0.889841212163073,0.544913188975688,0.712837558145733,0.0075902075845469,0.010734906456783,0.0038472380838299,0.592109224565544,0.382699475449677,0.497962300846455,0.0083456801093139,0.0148346476516805,0.004689748237736
HRG 08204,03 15 18.88,-64 38 29.64,48.82866667,-64.64156667,,E,14.77,10.09,27.15,23.02,0,0.084,0.102250610976508,0.0698987077193822,0.0384096448401623,16.509459790743,16.8671523534015,15.9210671250087,17.3925938614993,17.4834293789702,16.6844869660057,15.9163116404158,16.442873992246,15.3954042017083,0.0050143887065557,0.0099467043280033,0.0029684625284084,0.004555626561554,0.0071296665563396,0.0024568991313095,0.0056219611096258,0.0129888116139581,0.0035202924240223,0.883134070756324,0.616277025568746,0.763419840996994,0.0067747935369848,0.0122380174944027,0.0038533262415729,0.593148150327208,0.424278361155462,0.525662923300331,0.0075332954819639,0.016359894685835,0.0046048049397552
HRG 35002,00 37 40.82,-33 42 58.31,9.420083333,-33.71619722,0.030187,E,22.26,11.36,93.53,63.05,129,0.029,0.0353008061704609,0.0241316967126438,0.0132604726233893,15.5841407592683,13.4712811995256,13.3263156388849,16.3219548870142,13.7678832666188,13.6692073799831,15.0632024292696,13.274329636731,13.083175535826,0.0022999725527154,0.0018145300066589,0.0015614936361651,0.0022103079816142,0.0012152195642018,0.001092904852149,0.0024222583051962,0.0029892337556305,0.0024759889694273,0.737814127745923,0.296602067093266,0.342891741098242,0.0031898801101031,0.0021838676091477,0.0019059652125984,0.520938329998737,0.196951562794611,0.24314010305884,0.0033402408656167,0.0034968611054582,0.002927248495176
HRG 20202,04 24 31.62,-49 34 28.39,66.13175,-49.57455278,0.042876,E,20.33,11.92,47.83,20.49,106,0.035,0.0426044212402115,0.0291244615497425,0.0160040186834009,15.2757941987843,15.9773918702402,14.8183062989407,16.1180343993119,16.6389560306481,15.5949739576545,14.7068759085709,15.5217773409866,14.2870282760452,0.0043514367443452,0.0117935715606193,0.0028796450055322,0.0041159392867565,0.0094675664004752,0.0025761932305606,0.0044529556846172,0.0133853456319276,0.0030458621501412,0.842240200527566,0.661564160407895,0.776667658713798,0.0059896542431348,0.0151235955943967,0.0038638228374335,0.568918290213482,0.455614529253602,0.531278022895457,0.0062260594334781,0.017839725553988,0.0041916144378449
HRG 24701,02 43 16.85,-42 30 40.39,40.82020833,-42.51121944,0.103504,HL,18.56,11.93,35.68,35.14,68,0.058,0.0706016123409219,0.0482633934252877,0.0265209452467787,16.1615777366078,16.515326407021,15.5715333008864,17.0916937146339,17.5229642681545,16.5334799298041,15.5240146905822,15.287245906173,14.6466139739044,0.0050840602060246,0.0110938511440233,0.003593924358298,0.0045758279311766,0.0099199657517935,0.0029005629984654,0.005423162221526,0.0120222025024262,0.0062101388450922,0.930115978026056,1.0076378611335,0.961946628917698,0.0068400196954555,0.0148821790649926,0.0046183934437458,0.637563046025644,1.22808050084803,0.924919326981962,0.0074335964821525,0.0163586945143887,0.0071751039552393
HRG 15703,04 35 11.89,-54 12 19.41,68.79954167,-54.20539167,0.040555,E,15.33,13.45,56.61,30.86,23,0.017,0.0206935760309598,0.0141461670384463,0.0077733805033661,14.9601089560992,14.5145473354041,13.9620557076571,15.8496303140066,15.1171127180465,14.6701575184388,14.3380853495261,14.1091755685292,13.4650338732086,0.0046337323992609,0.0044190459786766,0.001908529279466,0.0044699591972475,0.0033198676071633,0.0016008995734376,0.0048625502622665,0.0056254470563979,0.0022194333234354,0.889521357907386,0.602565382642336,0.708101810781788,0.0064383236306525,0.0055271591519288,0.0024910566944194,0.622023606573119,0.405371766874911,0.497021834448436,0.0067168348945785,0.0071535740679742,0.0029271775292514
HRG 54101,01 05 10.23,-22 03 25.94,16.292625,-22.05720556,0.056222,E,18.58,13.49,38.04,35.63,44,0.057,0.0693843431626301,0.0474312659524379,0.0260636875701101,15.7533153655513,16.4323912412861,15.2880305897765,16.6159286513667,17.061814148803,16.0635661810866,15.1452788872483,15.9814385430697,14.7322035578654,0.0048651163743577,0.0129024749329704,0.0031903534116946,0.0046463198106688,0.0099635615399839,0.0028249430858259,0.0055114791798853,0.0168736237103741,0.0037840464554943,0.862613285815423,0.629422907516847,0.77553559131003,0.0067273802567609,0.0163017305203152,0.0042612977283531,0.608036478302934,0.450952698216442,0.555827031911161,0.0073515821485142,0.0212413049626248,0.0049494810302546
HRG 11701,03 57 51.74,-59 31 35.42,59.46558333,-59.52650556,0.059011,E,17.69,13.49,38.85,33.63,149,0.063,0.0766879582323806,0.0524240307895366,0.0288072336301217,15.5054046516031,15.8207031535495,14.8990735447698,16.3576288416731,16.3823207212235,15.6173296007705,14.907416502147,15.4430184545295,14.3899449724839,0.0036269899396944,0.0069363785749428,0.0021223038776851,0.0031828718409684,0.0047234712110471,0.001691472664913,0.004003541116874,0.0093336966495944,0.0025184068209614,0.852224190069968,0.561617567674057,0.718256056000714,0.0048255289014443,0.008391932317203,0.0027139000581055,0.597988149456104,0.377684699020014,0.509128572285894,0.0054021660005174,0.0116288968041502,0.0032934095805263
HRG 15501,02 59 06.28,-57 08 17.20,44.77616667,-57.13811111,0.044481,E,28.71,13.56,39.2,32.54,94,0.045,0.054777113023129,0.0374457362782404,0.0205765954500869,14.8996122158477,16.056634248259,14.5782089434175,15.740581802947,16.8875466118884,15.4165926782911,14.316774657971,15.5073854312344,14.0038793104037,0.0041104782448522,0.0169114622248837,0.0030708370071367,0.0039669237190292,0.0161704724904039,0.0029565810039043,0.0043907947550837,0.0186294280678745,0.0033050304362711,0.840969587099284,0.830912363629413,0.838383734873553,0.0057124876537285,0.0233983276143099,0.0042627938206121,0.582837557876692,0.549248817024591,0.574329633013832,0.0060145747964984,0.0251605473851381,0.0045114594211939
HRG 11801,04 09 02.55,-59 06 30.66,62.260625,-59.10851667,0.027599,E,21.99,15.38,45.33,40.1,128,0.044,0.0535598438448373,0.0366136088053906,0.0201193377734183,14.3078758786255,15.0313506294014,13.8578607336763,15.1275721436516,15.7839007168115,14.6543047462415,13.751007181835,14.5239699859564,13.3175325239302,0.0041814827648154,0.011539919776948,0.0027749497414613,0.0040294790351457,0.0104591005298541,0.0026201935715882,0.0041710007957259,0.0120463815406758,0.0028098232654333,0.819696265026071,0.752550087410086,0.796444012565225,0.0058070215607596,0.0155744191657984,0.0038165115511719,0.556868696790449,0.507380643445037,0.540328209746136,0.0059061024161789,0.0166818780921673,0.0039491078550233
HRG 48401,04 16 29.45,-25 03 28.27,64.12270833,-25.05785278,0.041919,E,16.91,15.47,37.45,28.85,40,0.113,0.137551417146969,0.094030404432026,0.0516701174635517,14.8480779184174,15.3185847478545,14.3054663800361,15.6367485335582,16.0083272643769,15.0541439028149,14.283931293047,14.8601477640921,13.7816790620316,0.0037283998164319,0.0084363626029233,0.0024278436625833,0.0031911176821205,0.0065937208007745,0.00200391606959,0.0039904444192335,0.0097871234102347,0.0026124905191491,0.788670615140763,0.689742516522383,0.748677522778754,0.0049075653080027,0.0107074445114868,0.0031480318397226,0.56414662537035,0.458436983762473,0.523787318004525,0.0054611914317447,0.0129213001905833,0.0035664452277569
HRG 08202,02 55 33.57,-62 31 42.25,43.889875,-62.52840278,0.064875,E,18.53,16.91,43.59,28.85,40,0.074,0.09007791919359,0.0615774329908843,0.0338370680734763,15.0399525560497,15.4649431497263,14.4792099747807,15.886862006951,16.1699384747871,15.2666256935553,14.4637927942301,15.037448823469,13.9605915990533,0.0036397606600054,0.0082851403779215,0.0025403175311515,0.0032708539041383,0.0065783124215486,0.0021869125327794,0.0039351134502873,0.0099975764112004,0.0027607137014506,0.846909450901284,0.704995325060754,0.787415718774541,0.0048935000689015,0.0105791183657887,0.0033519844249495,0.576159761819653,0.427494326257351,0.518618375727405,0.0053603148721652,0.0129844170134687,0.0037516334176534
HRG 54102,01 12 33.62,-19 00 52.50,18.14008333,-19.01458333,,E,21.82,16.98,40.94,37.29,96,0.046,0.0559943822014208,0.0382778637510902,0.0210338531267555,15.0430851046829,16.3779277088252,14.7645443166621,15.8104117451222,17.0362751016711,15.5062360630529,14.4824864495091,15.9356668911365,14.2296165985222,0.0046162442514424,0.0223431635626191,0.0035783218954234,0.0043225078232956,0.0189323977302276,0.0032755391258372,0.0051101060331721,0.0275746935527224,0.0040538604252237,0.76732664043929,0.65834739284594,0.741691746390766,0.006324063952193,0.0292857071248327,0.0048511384387747,0.560598655173765,0.442260817688702,0.53492771813989,0.0068864282947865,0.0354905717411329,0.0054072332975803
OA 02801,00 51 44.41,-30 37 27.60,12.93504167,-30.62433333,,E,17.06,17.06,43.84,20.3,123,0.045,0.054777113023129,0.0374457362782404,0.0205765954500869,17.2258129855168,19.2104495070083,17.0639681900978,18.0839907191983,20.0585627175575,17.9207465451753,16.6202493227766,18.5525823850698,16.4510091446276,0.0038719801716503,0.0342495570205462,0.0033718981991263,0.0031044150109592,0.0273525329791644,0.0027285478434623,0.0046463630939362,0.0393346816616832,0.0040528952950942,0.85817773368148,0.84811321054918,0.856778355077562,0.0049628240962099,0.0438314181436093,0.0043375881315927,0.605563662740241,0.65786712193843,0.612959045470202,0.0060482163032042,0.0521560096012876,0.0052721587360651
HRG 23702,22 10 01.27,-49 40 31.77,332.5052917,-49.67549167,0.027085,E,22.29,17.11,41.75,36.32,105,0.045,0.054777113023129,0.0374457362782404,0.0205765954500869,14.2373185966272,15.0623258687955,13.8207016829448,15.0844093129432,15.8741999948885,14.6564452029181,13.6497293414507,14.4996383801695,13.2409862109851,0.0035532340393123,0.010795718647553,0.0024444233305692,0.003250396305425,0.0095642299753247,0.0022145820661348,0.003637130006068,0.0112962205377758,0.0025155901294323,0.847090716315949,0.811874126092972,0.835743519973262,0.0048156565783337,0.0144229690472532,0.0032984207049249,0.587589255176544,0.56268748862599,0.579715471959753,0.0050847012517126,0.0156253684614217,0.0035076201502341
HRG 11401,02 01 45.29,-58 22 36.91,30.43870833,-58.37691944,0.022209,E,23.24,18.44,55.3,46,110,0.061,0.0742534198757971,0.050759775843837,0.0278927182767845,14.2750501780926,14.4346859460853,13.5993618064295,15.0550895081629,14.9886667113523,14.2687952509079,13.7113361527244,14.0332011772172,13.1078100392124,0.0029217191224175,0.0048476713907079,0.0016079658055962,0.0026596414194644,0.0036211209832801,0.0013489840193235,0.0031290898188909,0.0060017791134221,0.001824529052132,0.780039330070284,0.553980765266999,0.669433444478365,0.0039509663514678,0.0060508210259303,0.0020988834928021,0.563714025368205,0.401484768868095,0.491551767217109,0.0042810799718046,0.0077150029448211,0.0024319663431143
ESO 341-G02,20 39 04.19,-41 10 52.87,309.7674583,-41.18135278,0.039614,E,20.13,18.52,57.23,43,15,0.096,0.116857841116009,0.0798842373935796,0.0438967369601855,14.6074611404877,14.1848948021871,13.6231736905283,15.4736780465502,14.1281449676429,13.8520140249844,14.0305662398933,14.0490161639701,13.2871770232797,0.0035426063633507,0.0055103966091633,0.0029566412890553,0.0032448850881525,0.0076819773750628,0.0059121692998363,0.0037004531543467,0.0062908292958697,0.0024988941615092,0.866216906062547,-0.0567498345441812,0.228840334456125,0.0048040960732449,0.0094539540500922,0.0066102551798001,0.576894900594413,0.135878638216944,0.335996667248578,0.0051228325556442,0.0083629542638981,0.0038712013306688
HRG 36104,04 55 17.83,-37 06 18.81,73.82429167,-37.105225,0.03926,E,20.07,18.63,40.85,36.67,33,0.032,0.0389526137053362,0.0266280791311932,0.0146322456533951,14.8444270298188,15.8585346562622,14.4845743478091,15.7173130308789,16.6564120459761,15.3357698388717,14.2171456041749,15.3006601230215,13.8764280980542,0.0043123354071433,0.0155441355461716,0.0031057123126369,0.0039294558882441,0.0132272357001208,0.0027776329860053,0.0043930787424882,0.0168771635871601,0.0032188416488274,0.872886001060095,0.797877389713907,0.851195491062565,0.0058341117782708,0.0204102894184357,0.0041666166098898,0.62728142564394,0.557874533240634,0.608146249754931,0.0061559221487446,0.0229446900311493,0.0044728503808076
HRG 36101,04 39 37.20,-37 05 05.92,69.905,-37.08497778,,E,21.91,18.66,46.08,25.64,14,0.05,0.0608634589145878,0.0416063736424894,0.0228628838334299,14.4265244777761,15.5184236609431,14.0880589662188,15.2372308454003,16.2324728362739,14.8720227329641,13.8205885377742,15.0175652692919,13.5092835918288,0.0033903090755885,0.0131569945058839,0.002501072111261,0.0031997903301365,0.0113757853304803,0.0023094650037201,0.0035843045787819,0.0153080959230745,0.0027058104647511,0.810706367624203,0.714049175330795,0.783963766745316,0.0046618508968921,0.0173929582392712,0.0034042606112246,0.605935940001897,0.500858391651173,0.578775374389911,0.0049337039778948,0.0201852496942176,0.0036846671460098
A 0103-3044,01 06 10.29,-30 28 26.98,16.542875,-30.47416111,,E,35.82,20.38,48.99,47.86,10,0.05,0.0608634589145878,0.0416063736424894,0.0228628838334299,14.4369490806012,15.6767377578704,14.1361593795858,15.1916516107839,16.2668295728122,14.8486823977382,13.9140676893725,15.2807888900374,13.6426589013742,0.0023386395203382,0.0103952755226644,0.0017845239906942,0.0021810203831592,0.008345304904924,0.0016063591472572,0.002504955332106,0.0125052662405201,0.0019606947615714,0.754702530182771,0.59009181494182,0.712523018152378,0.0031978249980015,0.0133306364119743,0.0024010238614683,0.522881391228642,0.395948867832979,0.493500478211571,0.0034269572541737,0.0162617169123804,0.0026511978088058
HRG 12102,06 00 21.26,-57 56 20.79,90.08858333,-57.93910833,0.0383,E,24.07,20.46,48,40,0,0.126,0.153375916464761,0.104848061579073,0.0576144672602434,14.4337610896223,15.6513285492754,14.1275525762646,15.1958963080297,16.321002723248,14.866225476201,13.9110318402231,15.225455814623,13.627836989629,0.0038834364478553,0.0169350467298727,0.0029564494566145,0.0036747983833491,0.0147479508597636,0.0027492048187212,0.0039436724909658,0.0187679182097028,0.003055464992949,0.762135218407398,0.669674173972556,0.738672899936347,0.005346514921217,0.0224565772615725,0.0040371673887512,0.522729249399216,0.425872734652447,0.499715586635567,0.0055347657005994,0.0252790538127728,0.0042516420019392
HRG 19509,01 08 11.39,-47 08 07.94,17.04745833,-47.13553889,0.023913,E?,49.21,22.13,74.73,74.41,156,0.033,0.0401698828836279,0.027460206604043,0.0150895033300637,13.6875099070072,14.2827891564459,13.1922786145418,14.5351736099588,15.1133484263897,14.0336462406585,13.0878156888214,13.6966080142409,12.5975142700376,0.0019710231994001,0.0048533942326993,0.0012647936184073,0.0018923728807379,0.0045906582246179,0.0012092587559124,0.0020022497506893,0.0049927041216524,0.0012910221814397,0.847663702951593,0.830559269943821,0.841367626116726,0.0027323995996789,0.0066805372922581,0.0017498598903668,0.599694218185791,0.586181142204962,0.594764344504196,0.0028096150121873,0.0069629397544689,0.0018073298454165
HRG 11301,01 07 30.62,-61 20 18.94,16.87758333,-61.33859444,0.0264,E,30.11,22.47,68.7,56.74,81,0.058,0.0706016123409219,0.0482633934252877,0.0265209452467787,14.2279656408241,15.0173402400883,13.7998659700907,15.0809125517156,15.7838282303842,14.6238776647864,13.6150459526749,14.468818127367,13.2075132776237,0.0031617244754499,0.0092710627573709,0.0021407276570073,0.0031739558414993,0.008599341495951,0.0020948194992535,0.003332977269641,0.0103681635223211,0.0022988320249087,0.852946910891568,0.766487990295984,0.824011694695706,0.0044800108640992,0.0126452077410811,0.0029951600351114,0.612919688149148,0.548522112721242,0.592352692467058,0.0045940438764342,0.0139086814427789,0.003141232812165
HRG 29401,00 20 14.18,-39 55 19.38,5.059083333,-39.92205,0.038113,E,36.18,22.54,60.52,44.04,129,0.034,0.0413871520619197,0.0282923340768927,0.0155467610067323,14.7039459814535,16.5131877689246,14.5160543296067,15.4298310128753,17.2479699336583,15.2433483262502,14.2254730007237,16.0372490449257,14.037983668246,0.0031500174104819,0.0235957755593139,0.0026532308098834,0.0030410723164656,0.0229678520293528,0.0025649525093369,0.0032505873717384,0.0244092141561594,0.0027396719922282,0.725885031421878,0.734782164733645,0.727293996643448,0.0043784392790482,0.0329284504811229,0.0036903407844897,0.478472980729793,0.475938723998951,0.478070661360727,0.0045264697002901,0.0339495266530591,0.0038138479722603
FM 424-20,05 49 29.62,-33 03 40.75,87.37341667,-33.06131944,0.03,HL,27.21,22.94,66.31,54.68,0,0.097,0.1180751102943,0.0807163648664294,0.0443539946368541,14.1372675932561,14.9164749772907,13.7058445234854,14.9706940852186,15.6141140268808,14.4928483260538,13.5561410473576,14.457940763102,13.1634115716517,0.0037126623222811,0.0107952476351445,0.0025107663853699,0.0035838592845818,0.009205074551245,0.0023269375519987,0.0038378180574952,0.0124810532896368,0.0026844328926791,0.833426491962443,0.697639049590105,0.787003802568409,0.005160223724895,0.0141869929512237,0.0034232420616727,0.581126545898497,0.458534214188706,0.542432951833716,0.0053397292966706,0.0165019411804444,0.0036756125744154
HRG 19503,01 03 31.55,-47 01 26.28,15.88145833,-47.02396667,0.002,E,34.12,23.56,51.17,45.85,88,0.033,0.0401698828836279,0.027460206604043,0.0150895033300637,14.164547345904,15.2277778932032,13.8183290800437,14.998337183415,16.0405092847147,14.6463285424178,13.5457177897496,14.6547418103944,13.2118123513513,0.0023372115785955,0.0090098878138121,0.0017790168182479,0.0021286294455589,0.0079900334695562,0.0015892908336355,0.0031543501573352,0.0127893006558219,0.0024668686700236,0.833789837511036,0.812731391511532,0.827999462374116,0.0031612689350357,0.0120423715796395,0.0023855284935391,0.618829556154383,0.573036082808786,0.606516728692375,0.0039258735178558,0.0156443053435583,0.003041437468493
ESO 474-G16,00 42 52.55,-23 32 25.73,10.71895833,-23.54048056,0.002,E,29.15,25.01,61.36,41.75,117,0.053,0.0645152664494631,0.0441027560610387,0.0242346568634357,13.1981392334375,13.822734068183,12.7135535819739,13.9565570877963,14.5294249665697,13.453063500673,12.6186868971726,13.2743115743999,12.1451707509,0.0031918754971002,0.0082446183352756,0.0021535233103883,0.0029229565718356,0.0071907514813986,0.0019339551059559,0.0030242570392155,0.0080737586382494,0.0020786637410039,0.758417854358804,0.706690898386659,0.739509918699053,0.0043280185200419,0.0109398646409176,0.0028944507251358,0.579452336264831,0.548422493783056,0.568382831073857,0.0043970671848669,0.0115394674939127,0.0029930762764337
HRG 41102,00 56 52.17,-31 57 46.07,14.217375,-31.96279722,0.187,E,30.53,25.66,64.44,48,174,0.045,0.054777113023129,0.0374457362782404,0.0205765954500869,13.4759763227377,14.754285347721,13.184382972473,14.1442901159687,15.4343432011639,13.8554513840237,13.0317274978028,14.298714062631,12.7374567631668,0.0033605077580691,0.0154389755298062,0.0025734566281626,0.0030728406041925,0.0142731680571613,0.0023598905584643,0.0032867594536136,0.0149450465361806,0.0025112981199231,0.668313793231025,0.680057853442888,0.671068411550678,0.0045536097517043,0.0210258244023374,0.0034916704404859,0.444248824934826,0.455571285090009,0.446926209306204,0.0047006169912003,0.021487586681118,0.0035957332025837
HRG 19512,01 09 55.38,-46 59 30.44,17.48075,-46.99178889,0.023,E,40.55,27.05,93.39,58.41,163,0.032,0.0389526137053362,0.0266280791311932,0.0146322456533951,14.5573243112132,15.5575587762713,14.1935399115643,15.3227972521929,16.1828278063244,14.9172192755392,14.0272475021942,15.1237567006566,13.6900147586066,0.0018925380862287,0.0067507620155928,0.0013643206240796,0.0016775230570213,0.0052724093855383,0.0011695751595484,0.0020254001407598,0.0078966940426575,0.0014970430090757,0.765472940979656,0.625269030053147,0.723679363974933,0.0025289887335977,0.0085656925300808,0.0017970188699959,0.530076809018997,0.4338020756147,0.503525152957653,0.0027719931706294,0.0103889635957834,0.0020254650173013
HRG 19514,01 19 28.20,-51 46 45.90,19.8675,-51.77941667,0.031,E,30.57,28.3,67.27,65.69,59,0.039,0.0474734979533785,0.0324529714411417,0.0178330493900753,13.7354541362275,14.6731082625372,13.3534826118677,14.5985693967729,15.4257491429963,14.1826443281812,13.146085125952,14.0797227592006,12.7629208178022,0.0028935163346529,0.0097470727149872,0.0020528847718252,0.0027011803181393,0.0082070363120736,0.0018521160947665,0.0029665857322698,0.0101388971845188,0.002178203836209,0.863115260545408,0.752640880459067,0.829161716313541,0.0039583850103302,0.0127420905482163,0.0027648996211228,0.589369010275489,0.593385503336664,0.590561794065508,0.0041440400198128,0.0140642334533202,0.0029931434710798
AM 0544-393,05 45 50.86,-39 29 37.60,86.46191667,-39.49377778,0.02,E,32.48,28.58,70.24,43.15,10,0.139,0.169200415782554,0.115665718726121,0.0635588170569353,13.8888591047635,14.1490636056167,13.2586099641468,14.6099462698168,14.4794646111566,13.7901715008685,13.3806854613908,13.7629144644649,12.8024908526663,0.0021828438380534,0.0062265566440685,0.0024548452894662,0.002060239898171,0.0061368937356689,0.0031051320230328,0.0022200927319948,0.0057437351191858,0.0019811830769685,0.721087165053309,0.330401005539938,0.531561536721766,0.0030015655347407,0.0087425095004058,0.0039582963855273,0.508173643372786,0.386149141151801,0.456119111480493,0.0031134577177126,0.0084711569907045,0.0031545763233247
HRG 15902,05 28 41.40,-56 56 05.85,82.1725,-56.93495833,0.015,E,38.84,30.67,74.52,67.43,169,0.088,0.107119687689675,0.0732272176107813,0.0402386755468367,13.2520230233222,14.1795182669096,12.8670285951649,13.9734537992022,14.3055698077701,13.3742871398866,12.7598604337861,13.8599972486739,12.4235950604353,0.0034679718502072,0.0123596813190187,0.0027744235237474,0.0033002762830051,0.0096199745889312,0.0036103034268737,0.0035206624585132,0.0143277298039729,0.0028090394151262,0.721430775879989,0.126051540860528,0.507258544721715,0.0047873429267179,0.0156622359003874,0.0045532094969613,0.492162589536028,0.319521018235662,0.443433534729536,0.0049418511613174,0.0189220919468053,0.0039481803814993
HRG 19505,01 05 20.21,-47 12 01.55,16.33420833,-47.20043056,0.02,E,37.38,33.19,73.46,59.18,170,0.041,0.049908036309962,0.0341172263868413,0.0187475647434125,13.7980173198469,14.8653026911421,13.452904666318,14.6216011625791,15.6265588620007,14.259159392301,13.2283621121605,14.3582840819109,12.8999502765524,0.0022731217266394,0.0087527881097199,0.0017158363129715,0.0020742304179866,0.0075913576401796,0.0015605652387735,0.0024309237753416,0.0098544451338546,0.0018409024177792,0.823583842732221,0.761256170858644,0.806254725982955,0.00307725757957,0.0115861991401308,0.0023193658869139,0.569655207686337,0.507018609231142,0.552954389765617,0.0033281335288178,0.0131803409891324,0.0025165484228794
HRG 15901,05 17 07.67,-54 04 00.02,79.28195833,-54.06667222,0.015,E,41.99,33.77,76.17,59.9,43,0.071,0.0864261116587147,0.0590810505723349,0.0324652950434705,13.3012306381572,14.6899184366446,13.0346423117464,14.0665486566817,15.3959526102842,13.7867748224617,12.7567915299957,14.2148235764172,12.5049279074069,0.0023163760520977,0.0117996963586945,0.0018210076465194,0.0021331128502237,0.0103234261690081,0.0016677923254998,0.0025359620254165,0.0137525996144834,0.0020156937817004,0.765318018524567,0.706034173639596,0.752132510715308,0.0031489313181651,0.0156782002163626,0.0024693319116065,0.544439108161493,0.475094860227449,0.529714404339464,0.0034346326454348,0.0181208948541091,0.0027164480982099
HRG 19513,01 15 55.18,-50 11 21.58,18.97991667,-50.18932778,0.02,E,36.16,34.07,90.36,81.24,92,0.029,0.0353008061704609,0.0241316967126438,0.0132604726233893,13.511962589341,14.3542807788047,13.1008323564958,14.2928079217869,15.0874970493608,13.8664371048566,12.9585652726558,13.8020175323188,12.5477923992392,0.002813287788502,0.0086851336322296,0.0019452781546397,0.0027151345030088,0.0080027170782458,0.0018422512012829,0.0027542665705883,0.0086077410548893,0.0019473930629941,0.78084533244593,0.733216270556108,0.765604748360763,0.0039098009604536,0.0118099545657099,0.0026791783418703,0.553397316685214,0.552263246485975,0.553039957256624,0.0039370766468021,0.0122280314146519,0.0027525346211658
HRG 35201,01 15 00.60,-32 14 35.73,18.7525,-32.24325833,0.019,E,39.3,36.77,96.51,91.85,123,0.073,0.0888606500152982,0.0607453055180345,0.0333798103968077,13.7835277168094,13.195979658983,12.697910306075,14.5714547146683,13.8455369315191,13.3963501299522,13.2264134536532,13.0114760112488,12.3610596524563,0.0019819680123848,0.0043609587719369,0.0026582740188037,0.0018704636971124,0.0053759203646232,0.0034975458040957,0.0021289293745734,0.0043946943559056,0.002215294594476,0.787926997858897,0.649557272536162,0.698439823877177,0.0027252213936361,0.0069223176160376,0.0043930908721303,0.557114263156162,0.184503647734109,0.336850653618694,0.0029087003083917,0.0061912276563185,0.0034603397086647
AM 2106-641,21 11 20.07,-64 01 31.12,317.833625,-64.02531111,0.093,E,95.95,49.17,203.56,102.19,165,0.104,0.126595994542343,0.0865412571763779,0.0475547983735343,11.8042390567194,12.3190078374313,11.2788222458773,12.6154543934324,13.0635346371986,12.0639665467327,11.2183719236879,11.8585249188535,10.739361887254,0.001288051432254,0.0031307459281298,0.0009012907216495,0.0012216935283633,0.0029471677725597,0.0009150291317636,0.0013048493306552,0.0034509108790417,0.0009004902474499,0.81121533671293,0.74452679976727,0.78514430085537,0.0017752778851145,0.0042996939363304,0.0012843688243287,0.585867133031515,0.460482918577847,0.539460358623305,0.0018334961870272,0.0046594373009613,0.0012740516671956
