,Unnamed: 0,Name_1,Name,a_host,b_host,PA_host,a_ring,b_ring,PA_ring,z,angle1,angle2,Dring/dhost,_RAJ2000,_DEJ2000,Name_2,Av,host_rcounts,ring_rcounts,inter_rcounts,host_gcounts,ring_gcounts,inter_gcounts,host_zcounts,ring_zcounts,inter_zcounts,host_rcounts_err,ring_rcounts_err,inter_rcounts_err,host_gcounts_err,ring_gcounts_err,inter_gcounts_err,host_zcounts_err,ring_zcounts_err,inter_zcounts_err,ebv,Ag,Ar,Az,rmag_host,rmag_ring,rmag_total,gmag_host,gmag_ring,gmag_total,zmag_host,zmag_ring,zmag_total,rmag_host_error,rmag_ring_error,rmag_total_error,gmag_host_error,gmag_ring_error,gmag_total_error,zmag_host_error,zmag_ring_error,zmag_total_error,g_r_host1,g_r_ring1,g_r_total1,r_z_host1,r_z_ring1,r_z_total1,g_r_host,g_r_ring,g_r_total,g_r_host_err,g_r_ring_err,g_r_total_err,r_z_host,r_z_ring,r_z_total,r_z_host_err,r_z_ring_err,r_z_total_err,recno,Type,Seq,RAJ2000,DEJ2000,rmag,cz,RA,Dec,pa_host,pa_ring,redshift,redshift_er,boxa,boxb,boxangle,id
0,0,SPRC3,3.0,5.7,2.8,325.0,12.1,2.9,66.0,0.037,86.0,74.0,2.11,10.2643333,-9.9411389,SPRC3,0.09,213.48850074255603,291.62668066327524,187.6044587710203,100.58614845246638,144.00948372742272,87.1940903157938,374.7198976229221,497.5659751412605,331.6406921632515,1.1266403033554806,1.145726512832962,1.1148287501162286,0.5012576280111809,0.5149714826105144,0.4935424386750894,1.9595674031103296,1.9870028759257612,1.9417641212563088,[0.10955423 0.07489147 0.04115319],0.1095542260462581,0.0748914725564809,0.0411531909001739,16.601672309117617,17.38229321250732,16.170712536424737,17.38410032674749,18.004280728338117,16.89792331825781,16.024579922252677,16.909065391639423,15.626565969169851,0.0057297426458009,0.0166854870558664,0.0066876443711259,0.0054106212735653,0.0136308587561814,0.0060135824509156,0.0056777696853496,0.0181794951095988,0.0068275256080648,0.7824280176298721,0.6219875158307957,0.7272107818330724,0.5770923868649405,0.4732278208678977,0.5441465672548862,0.7824280176298721,0.6219875158307957,0.7272107818330724,0.0078806581801946,0.0215454354498222,0.0089937623455711,0.5770923868649405,0.4732278208678977,0.5441465672548862,0.0080664130434156,0.0246758894618089,0.0095571801889173,,,,,,,,,,,,,,,,,
1,1,SPRC4,4.0,6.0,3.0,122.0,7.0,1.0,27.0,0.04,1.0,1.0,1.0,40.7433,-0.9526,SPRC4,0.089,124.4185937842165,127.98864033227132,118.03816077392024,61.3007214428554,65.46640000856642,58.55665006940399,206.7048281097589,204.74242280619788,195.85832393655903,0.6500942885924901,0.6491235319808132,0.6477593770535405,0.2765108372172439,0.2767374422459018,0.2753622487018684,1.1913758538194277,1.1890740961390878,1.1877949747324257,[0.10833696 0.07405935 0.04069593],0.1083369568679663,0.0740593450836311,0.0406959332235053,17.188727433642434,19.931330625281497,17.10519234960684,17.922999078825907,20.293007216305423,17.807035416082428,16.67092751481957,20.08777060904296,16.62523793934922,0.0056730339426235,0.1000613406736986,0.0090829245917637,0.0048974599304611,0.0613431174051898,0.0076148985262097,0.0062578117298717,0.2054003888029786,0.01037509866219,0.7342716451834725,0.3616765910239294,0.7018430664755897,0.5177999188228632,-0.1564399837614587,0.4799544102576192,0.7342716451834725,0.3616765910239294,0.7018430664755897,0.007494559885986,0.1173680107627495,0.0118526874043036,0.5177999188228632,-0.1564399837614587,0.4799544102576192,0.0084465094424075,0.2284766763103682,0.0137892056112687,,,,,,,,,,,,,,,,,
2,2,SPRC7,7.0,4.2,3.2,150.0,17.0,10.0,50.0,0.06,72.0,60.0,4.28,118.143,29.3471389,SPRC7,0.137,126.21443794499277,307.47557637806125,121.12340770052282,55.22343407571538,195.2927355104256,52.4532159086624,233.86087756807547,451.06751659302,225.5683380253845,0.9073484966712418,0.9391206809953444,0.9063833735095348,0.407589545604927,0.4437866471262782,0.4069594501381071,1.9031161819831317,1.9371920074076396,1.9018131050192848,[0.16676588 0.11400146 0.0626443 ],0.1667658774259707,0.1140014637804209,0.0626443017035981,17.133225942111157,16.710162408142,16.1486420915689,17.97792559808352,16.946113170316803,16.59122599427817,16.514961760676062,16.554493287796852,15.781972627733834,0.0078052965192316,0.0076042816429052,0.0055215844480073,0.0080135314608909,0.0045768579088873,0.0039858629709343,0.0088355186302534,0.013070779536823,0.0078360775898848,0.844699655972363,0.2359507621748022,0.4425839027092699,0.6182641814350944,0.1556691203451485,0.3666694638350645,0.844699655972363,0.2359507621748022,0.4425839027092699,0.0111865696363013,0.0088754001387413,0.0068099191213657,0.6182641814350944,0.1556691203451485,0.3666694638350645,0.0117893614423633,0.0151218509781328,0.0095860318594908,,,,,,,,,,,,,,,,,
3,3,SPRC10,10.0,6.0,2.0,320.0,6.0,1.5,40.0,0.042,78.0,82.0,1.21,125.159125,15.6166111,SPRC10,0.104,269.20673372155784,299.08116812428,233.4692656257539,109.8796992055916,126.2784766789446,93.66552074411447,546.905045884321,590.9568717479292,484.3179746817914,1.455353419080635,1.4594884463733204,1.4378180056704333,0.5545793028266761,0.5581346655648951,0.5451515857156776,3.271240587302283,3.274952179510517,3.2471100667855355,[0.12659599 0.08654126 0.0475548 ],0.1265959945423427,0.0865412571763779,0.0475547983735343,16.33824394586855,17.871002165705463,16.101434685064966,17.27111035077261,18.589928596298755,16.98892280800326,15.60766537586674,17.3826560899951,15.4142582167115,0.0058695779112595,0.0339026208234801,0.0081492549245396,0.0054798732781551,0.0259739160544836,0.0072935986049719,0.0064941882815606,0.0469550788347425,0.0093933647687672,0.9328664049040613,0.7189264305932923,0.8874881229382936,0.7305785700018088,0.4883460757103641,0.6871764683534654,0.9328664049040613,0.7189264305932923,0.8874881229382936,0.0080300034869845,0.0427086878036077,0.0109364956195109,0.7305785700018088,0.4883460757103641,0.6871764683534654,0.008753652168821,0.0579151718211865,0.0124356607184439,,,,,,,,,,,,,,,,,
4,4,SPRC14,14.0,8.7,5.2,130.0,17.8,5.9,35.0,0.032,83.0,75.0,2.05,139.5665417,20.3681389,SPRC14,0.086,840.6411344339651,1107.612511889989,821.0471967427693,390.5781015882352,532.6417102818215,380.65594840688937,1450.564407717865,1871.64640106812,1418.6786674321556,3.396896125324163,3.420530014488361,3.394059999489496,1.4378602410714156,1.4532754895096034,1.4361287638208509,6.219600223379165,6.254959922146962,6.215343658884889,[0.10468515 0.07156296 0.03932416],0.104685149333091,0.0715629626650817,0.0393241601934995,15.116910444382505,16.285377977901636,14.798428374764631,15.916045125189482,16.94080758851517,15.559187688295198,14.55683329721238,15.820507672538984,14.261775303998094,0.0043872860320479,0.0182569702195715,0.0056787378259536,0.0039969903964541,0.0145956140905487,0.0049995678749162,0.0046553225115102,0.0211359256699349,0.0061547768064075,0.7991346808069775,0.6554296106135347,0.760759313530567,0.5600771471701247,0.4648703053626501,0.5366530707665369,0.7991346808069775,0.6554296106135347,0.760759313530567,0.0059349988168785,0.023374107732244,0.0075659594389483,0.5600771471701247,0.4648703053626501,0.5366530707665369,0.0063968981868697,0.0279292734514046,0.0083743262912671,,,,,,,,,,,,,,,,,
5,5,SPRC27,27.0,5.9,2.7,125.0,14.3,2.2,30.0,0.048,89.0,81.0,2.4,176.1834167,23.1625,SPRC27,0.081,216.2118286414845,308.71626366578926,208.781461829738,95.84256301469712,149.78632505256513,92.37280021368132,393.4738202948316,540.2351987277035,381.93214497473673,1.182799433144012,1.2069239331823116,1.180026832300015,0.4896365361931814,0.5096247161306742,0.4881665758130401,1.9696369260941768,2.003730192375241,1.965286927883369,[0.0985988  0.06740233 0.03703787],0.0985988034416323,0.0674023253008328,0.0370378718101565,16.595399049948256,17.43330578563275,16.182876281149664,17.447505148880154,18.003865669788013,16.937856858587075,15.975672523299178,16.96423889638344,15.60855339201776,0.0059395833040257,0.0183384910860907,0.0070784038427595,0.0055467643789511,0.0133455115836892,0.0060850823626055,0.0054349387699709,0.0192496737115073,0.0067469050246331,0.8521060989318983,0.5705598841552622,0.7549805774374114,0.6197265266490781,0.4690668892493121,0.5743228891319045,0.8521060989318983,0.5705598841552622,0.7549805774374114,0.0081268225587287,0.0226804527015008,0.009334453830883,0.6197265266490781,0.4690668892493121,0.5743228891319045,0.0080509135667199,0.0265866544212341,0.0097787794929947,,,,,,,,,,,,,,,,,
6,6,SPRC39,39.0,7.1,4.0,115.0,15.8,3.6,50.0,0.029,62.0,76.0,2.22,197.0705,45.3764444,SPRC39,0.068,286.1513281145352,346.00392543559,274.00151827605805,121.4042897435224,153.01177678165968,115.71693727945603,523.6955997490829,588.7153916084517,507.6682004700013,1.1653577995425886,1.172008992077978,1.1623883100628811,0.46382597231716,0.4684824261628039,0.4621564458920019,2.747229807671677,2.7518086447285226,2.745011622664383,[0.0827743  0.05658467 0.03109352],0.0827743041238394,0.0565846681537855,0.0310935220134647,16.301925916994627,17.80004779220462,16.058241619638604,17.206640614550594,18.488103839596118,16.915789336216733,15.671209165882813,17.697061557854006,15.514979728338597,0.0044216854165856,0.0248909095761443,0.0061253998640489,0.004148063070224,0.0191580720178898,0.005508126679018,0.0056956118523985,0.0520694778888144,0.0085454284874026,0.904714697555967,0.6880560473914947,0.8575477165781287,0.6307167511118141,0.1029862343506131,0.5432618913000073,0.904714697555967,0.6880560473914947,0.8575477165781287,0.0060628152831669,0.0314100159657783,0.0082377170992091,0.6307167511118141,0.1029862343506131,0.5432618913000073,0.007210499032413,0.0577129786715391,0.010514032125108,,,,,,,,,,,,,,,,,
7,7,SPRC60,60.0,4.0,2.0,135.0,9.0,1.5,55.0,0.078,1.0,1.0,1.0,236.8513,38.9306,SPRC60,0.03,74.53962898815955,124.93863651423936,77.77269349575909,35.04082769854328,67.02132293757305,36.95342234135114,128.99226811677767,188.9008823422068,132.61485590055085,0.4610392343961263,0.4814978139276293,0.4628245343239761,0.1999775486393601,0.2180227637820657,0.2013769539617308,0.9864011940764076,1.003000082470059,0.9875901320986072,[0.03651808 0.02496382 0.01371773],0.0365180753487527,0.0249638241854936,0.0137177303000579,17.794068108875,18.290964870851145,17.261760021193712,18.60204603445962,18.768224160128742,17.929383892702365,17.209873071759066,18.11028079378466,16.816720908472863,0.0067154478147101,0.0153739675685379,0.0072397904705385,0.006196282421307,0.0107170719269823,0.0059679027402371,0.0083026021982639,0.0271521115789303,0.0100723157777667,0.8079779255846198,0.4772592892775975,0.6676238715086527,0.5841950371159328,0.1806840770664841,0.445039112720849,0.8079779255846198,0.4772592892775975,0.6676238715086527,0.0091373494623273,0.0187407179554725,0.0093824532599012,0.5841950371159328,0.1806840770664841,0.445039112720849,0.0106785037629207,0.0312025005727608,0.0124042779388543,,,,,,,,,,,,,,,,,
8,8,SPRC67,67.0,18.6,4.4,113.0,25.7,3.2,347.0,0.028,55.0,53.0,1.38,259.433875,40.6977778,SPRC67,0.075,1610.0431517379884,1532.4299859610348,1327.2297190439858,714.7659455719454,680.3010312914095,582.075207942311,2886.440960684083,2680.532446705774,2431.672685307265,5.506179980508458,5.483950448697581,5.466523014154039,2.3737594772089485,2.3623745262088907,2.35334409832334,11.503296336783205,11.471976451880044,11.452781836127745,[0.09129519 0.06240956 0.03429433],0.0912951883718817,0.0624095604637341,0.0342943257501449,14.420496649595536,16.657145636149707,14.290253262400288,15.273295179808873,17.428140617015696,15.13348944004844,13.814798977104198,16.475818973259972,13.72500766804951,0.0037131047998925,0.0409698947093602,0.0056829292069137,0.0036057630078209,0.0368580474236482,0.0054663133358687,0.0043269706455201,0.0707228183502537,0.0068833156913994,0.8527985302133363,0.7709949808659893,0.8432361776481532,0.6056976724913365,0.1813266628897345,0.5652455943507775,0.8527985302133363,0.7709949808659893,0.8432361776481532,0.0051757776346704,0.0551094178192799,0.0078851928230506,0.6056976724913365,0.1813266628897345,0.5652455943507775,0.0057017385262898,0.0817327921210272,0.008926125658888,,,,,,,,,,,,,,,,,
9,9,SPRC69,69.0,5.9,3.6,135.0,16.0,2.8,32.0,0.025,85.0,73.0,2.47,312.023625,0.0688333,SPRC69,0.267,669.4014739728188,869.3701500495397,643.2134917018011,306.4463974148189,411.2485589827759,294.592942848999,1230.9065160921814,1550.1183537922657,1183.461606136556,3.1947356243209635,3.220646745993305,3.188064908036921,1.4482276367510043,1.4638580289995349,1.445108638566879,6.69839646143745,6.7318253113250925,6.688025755916542,[0.32501087 0.22217804 0.1220878 ],0.3250108706038991,0.2221780352508934,0.122087799670516,15.2136053039808,16.39179851858015,14.897587509871013,15.9591028290203,17.007724999878647,15.608876399021282,14.652349523498726,15.967262995801208,14.36926703708344,0.0051817037559984,0.0217558616353905,0.0067220424722056,0.005131054537487,0.0191448265472261,0.0064555381803892,0.0059084028371994,0.0280995684118871,0.0078940061617049,0.745497525039502,0.6159264812984979,0.7112888891502696,0.5612557804820728,0.4245355227789407,0.5283204727875717,0.745497525039502,0.6159264812984979,0.7112888891502696,0.0072923092694697,0.0289800258630256,0.0093198620266933,0.5612557804820728,0.4245355227789407,0.5283204727875717,0.0078587071393172,0.0355373502168152,0.0103682779804156,,,,,,,,,,,,,,,,,
10,10,SPRC241,241.0,12.0,6.0,9.0,27.7,15.8,110.0,0.018,83.0,66.0,2.0,40.4875,-6.7923056,SPRC241,0.067,1755.4321147718688,2288.800991147097,1688.0478095493272,833.5002929403863,1152.277692970668,799.5309176161936,3149.348602180039,3866.693855313844,3038.048125734749,6.111087802616187,6.127927871527887,6.104606903550269,2.8959427226074315,2.9086029734614787,2.892455520706407,12.405088213387108,12.42342101983276,12.396090438464592,[0.08155703 0.05575254 0.03063626],0.0815570349455477,0.0557525406809358,0.0306362643367961,14.33328736107316,15.497507260538931,14.013723855633208,15.1161785730536,16.049785334234123,14.73300508476416,13.72381189700942,15.17344149425,13.47020333575569,0.0037797128250775,0.0156325739193197,0.0048802258204694,0.0037723200429224,0.0126256921825686,0.0045957808900582,0.0042766473635752,0.0229950266680729,0.0058658337625346,0.7828912119804379,0.5522780736951916,0.7192812291309512,0.6094754640637419,0.3240657662889319,0.5435205198775179,0.7828912119804379,0.5522780736951916,0.7192812291309512,0.0053400962113326,0.0200944139111339,0.0067035666662009,0.6094754640637419,0.3240657662889319,0.5435205198775179,0.0057075337679623,0.0278055501439619,0.007630505211876,,,,,,,,,,,,,,,,,
11,11,SPRC260,260.0,15.5,7.0,82.0,27.7,15.8,15.0,0.021,57.0,87.0,1.67,176.3760417,9.7291111,SPRC260,0.094,1304.6561022940764,1687.7043915254449,1238.162866937073,607.8921922348176,844.2541228217771,570.7912192005597,2265.455229868768,2775.571488507176,2165.1968195250465,4.913580033663644,4.928734581413153,4.909194217982383,2.203139693811348,2.216049388289044,2.200010928254573,8.791022290142909,8.810689783082275,8.785102640703293,[0.1144233  0.07821998 0.04298222],0.1144233027594251,0.07821998244788,0.0429822216068483,14.633039892692905,15.78985548223627,14.311583719678234,15.42601028388192,16.29333064520406,15.02269939754988,14.069129068310248,15.493026523978076,13.810109791931708,0.0040890865632288,0.0168013446141722,0.005271354777888,0.0039349551783463,0.0123979180715086,0.0047078262523901,0.0042131625694482,0.0221320737916554,0.0057515884282748,0.7929703911890158,0.5034751629677885,0.7111156778716463,0.5639108243826563,0.2968289582581942,0.5014739277465257,0.7929703911890158,0.5034751629677885,0.7111156778716463,0.0056749009839092,0.0208804586480281,0.0070675886423204,0.5639108243826563,0.2968289582581942,0.5014739277465257,0.0058712322180423,0.027786937059767,0.0078017915021249,,,,,,,,,,,,,,,,,
1,1,,,40.0,41.0,,110.0,25.0,,,,,,,,,0.103,1307.3987455985553,1293.0323865839773,1082.9758022502065,628.1211514197656,621.1853411147214,516.3426880408078,2176.9837797268124,2147.370992088425,1795.3456920534372,4.243448752519144,4.233039299162554,4.216559417494125,1.915547121518069,1.90990554967504,1.900794803381482,6.331638605394877,6.311295616747942,6.279534362335558,[0.12537873 0.08570913 0.04709754],0.1253787253640509,0.0857091297035281,0.0470975406968657,14.62327071044554,16.608450122107442,14.461501081800453,15.379512729311475,17.323276268730588,15.211914952960797,14.108264476274794,16.08646776601451,13.945526487876316,0.0035239944654654,0.0308823210158513,0.0052434262992909,0.0033111110126627,0.0279047002181539,0.0048972635764377,0.0031578045428451,0.0274594090150954,0.004690224231728,0.7562420188659349,0.714826146623146,0.7504138711603439,0.5150062341707464,0.5219823560929306,0.5159745939241365,0.7562420188659349,0.714826146623146,0.7504138711603439,0.0048354930597414,0.0416219899282955,0.0071747271650704,0.5150062341707464,0.5219823560929306,0.5159745939241365,0.0047318354286095,0.0413247733785002,0.0070350353730443,2.0,B,2.0,00 26 41.51,+25 51 01.7,14.37,,6.672958333,25.85047222,0.0,0.0,0.028498,4e-07,50.0,50.0,0.0,2.0
2,2,,,21.0,14.0,,50.0,16.0,,,,,,,,,0.09,216.68017868597377,267.3552241603428,194.95193804986772,102.6221218953099,131.5337562395227,92.02215804113077,379.3682310639829,456.7551455958944,341.79185532033443,1.129402119926553,1.14197157325487,1.1213953589764805,0.5033614435923811,0.5127453249140907,0.4991866723742529,1.96291967818885,1.980192705959599,1.9492297782833936,[0.10955423 0.07489147 0.04115319],0.1095542260462581,0.0748914725564809,0.0411531909001739,16.585560564799547,17.77571283338506,16.27255039920973,17.362343298391707,18.39863428208973,17.008702966303492,16.01119441029391,17.307448846822176,15.72380104813423,0.0056591829431337,0.0240007026638751,0.0073571043445378,0.0053255354040047,0.0196641434739354,0.006683295641002,0.0056177950263905,0.0262417229156891,0.0074720949189606,0.7767827335921602,0.6229214487046733,0.736152567093761,0.5743661545056362,0.468263986562885,0.5487493510755002,0.7767827335921602,0.6229214487046733,0.736152567093761,0.0077709509664624,0.0310276049176094,0.0099394881639576,0.5743661545056362,0.468263986562885,0.5487493510755002,0.007974081297704,0.0355620830371837,0.0104861426089089,3.0,B,3.0,00 41 03.44,-09 56 28.1,16.11,11063.0,10.26433333,-9.941138889,55.0,160.0,0.036828,1.55e-05,25.0,25.0,0.0,3.0
3,3,,,23.0,14.0,,42.0,16.0,,,,,,,,,0.089,126.1379836034017,132.3390138546108,111.2872249893844,65.3670521463124,70.7685604990268,57.401996893808246,203.47076916820092,209.81732127983415,180.75273681618276,0.6947964729391549,0.6945957476003853,0.689836446788582,0.3382217152053717,0.3387015362628097,0.3352345066065481,1.169509062138597,1.1687490463536907,1.1625783734110489,[0.10833696 0.07405935 0.04069593],0.1083369568679663,0.0740593450836311,0.0406959332235053,17.173825944324236,19.117718140676264,17.00624657004095,17.85326579298804,19.57661361980045,17.6512625521848,16.688048999713466,18.800893771204453,16.54308159070079,0.0059804799796082,0.0504887446725827,0.0088550432856436,0.0056178081981104,0.0387091810406407,0.0080585367821316,0.0062405933576971,0.0615814622270147,0.0094373065899001,0.6794398486638045,0.458895479124191,0.6450159821438497,0.4857769446107696,0.31682436947181,0.46316497934016,0.6794398486638045,0.458895479124191,0.6450159821438497,0.0082052367264601,0.0636200757265374,0.0119729614824233,0.4857769446107696,0.31682436947181,0.46316497934016,0.0086435609700301,0.0796328439064592,0.012941195743145,4.0,B,4.0,02 42 58.43,-00 57 09.2,16.96,12888.0,40.74345833,-0.952555556,210.0,110.0,0.043012,7.6e-06,25.0,25.0,0.0,4.0
4,4,,,19.0,15.0,,40.0,11.0,,,,,,,,,0.162,135.33545659808692,142.32668270636168,128.13554457342252,84.38095852844393,88.26875410927548,80.03884978743736,187.80774840715836,197.3452521555672,178.2148257652589,0.9148897376285928,0.9167731593603744,0.913603618021745,0.5280655348199293,0.5287616781267794,0.5272317227092099,1.3205348954016347,1.3236407363412923,1.3189408196839765,[0.19719761 0.13480465 0.07407574],0.1971976068832646,0.1348046506016657,0.074075743620313,17.036666368111664,19.48515228093898,16.92839924203254,17.48719125697371,20.014315427424847,17.386147566821105,16.741640491279504,19.22161263150821,16.636322720694288,0.0073397536497399,0.0990223532347465,0.0115088042105194,0.0067946593596195,0.0985090647490628,0.0107219407373378,0.0076341501228998,0.1060507534987865,0.0120049508400552,0.450524888862045,0.5291631464858675,0.4577483247885645,0.2950258768321596,0.2635396494307649,0.2920765213382523,0.450524888862045,0.5291631464858675,0.4577483247885645,0.0100019687788023,0.1396762767182815,0.0157293543265785,0.2950258768321596,0.2635396494307649,0.2920765213382523,0.0105901950755329,0.1450937240469321,0.0166304365254858,5.0,B,5.0,03 44 26.15,-05 42 09.6,16.93,8364.0,56.10895833,-5.702666667,130.0,20.0,0.027858,6.7e-06,25.0,25.0,0.0,5.0
6,6,,,14.6,9.9,,50.0,70.0,,,,,,,,,0.137,117.88454103368434,311.369373620026,121.62427621963434,50.83414536816103,194.7797320074194,52.805520816735225,220.34381088146367,453.6369905749389,226.6135085687856,0.9513143232162868,0.9839401853739796,0.9518733523388668,0.4068642773485986,0.4434631487542887,0.4072304400266017,1.90232833744278,1.936448125149488,1.9031218432507024,[0.16676588 0.11400146 0.0626443 ],0.1667658774259707,0.1140014637804209,0.0626443017035981,17.207356393794747,16.690572127494633,16.165928098608322,18.06784530625988,16.952710461523463,16.62041949045231,16.579603557412295,16.54717874718296,15.810695124384717,0.008761762939941,0.0078336084181924,0.0058837749642308,0.0086899715366672,0.0046043314775429,0.0040919443006303,0.0093736544767762,0.0129848664260101,0.0080458132079448,0.8604889124651329,0.2621383340288297,0.4544913918439874,0.6277528363824523,0.1433933803116716,0.3552329742236075,0.8604889124651329,0.2621383340288297,0.4544913918439874,0.0123403442060508,0.0090865444039342,0.0071667856106605,0.6277528363824523,0.1433933803116716,0.3552329742236075,0.0128309737769863,0.0151648335615957,0.0099676435533605,7.0,B,7.0,07 52 34.32,+29 20 49.7,16.95,18032.0,118.143,29.34713889,70.0,50.0,0.060066,2.49e-05,25.0,25.0,0.0,7.0
10,10,,,20.5,15.0,,37.0,10.8,,,,,,,,,0.077,333.4226296118176,316.62745014544606,290.0604986194521,148.00762365913255,142.40919130972816,128.84688296541572,645.1066214370351,610.4014443473865,572.7187550291419,1.5978099859893629,1.5739269621897738,1.578734352201573,0.7170676199389989,0.7080116505670797,0.7087799813694418,3.631313590876008,3.5954978782932927,3.60738915278856,[0.09372973 0.06407382 0.03520884],0.0937297267284652,0.0640738154094336,0.0352088411034821,16.128438503733886,18.875071876227167,16.045201355726757,16.980560058638506,19.57543623825696,16.88536891775656,15.440712410002314,18.524436434581965,15.379074375140156,0.0052030066229531,0.0911056731577522,0.0082721742080787,0.0052601768542716,0.0802013641135928,0.0082789666903699,0.0061116232657195,0.1467488233376239,0.0099466662515117,0.8521215549046204,0.700364362029795,0.8401675620298015,0.6877260937315715,0.3506354416452026,0.6661269805866006,0.8521215549046204,0.700364362029795,0.8401675620298015,0.007398698429907,0.1213775205184562,0.0117034249512294,0.6877260937315715,0.3506354416452026,0.6661269805866006,0.0080264074691345,0.1727294440230279,0.0129369639269716,11.0,B,11.0,08 48 32.01,+32 20 12.5,15.68,19733.0,132.133375,32.33680556,30.0,120.0,0.065796,1.713e-05,25.0,25.0,0.0,11.0
12,12,,,32.0,20.0,,65.0,15.0,,,,,,,,,0.04,566.4671874881916,546.0139943208444,410.3158818371594,271.29211615813074,266.12363627177524,193.2330729914829,947.2586367975824,902.2435524543667,729.3040205519646,2.3093504602677366,2.2878975722462243,2.2508256080405142,1.075425904977112,1.065797790412857,1.0443081112527122,4.743840814516036,4.7171845441179485,4.680059462339299,[0.04869077 0.0332851  0.01829031],0.0486907671316702,0.0332850989139915,0.0182903070667439,15.583778004844005,17.135280384066753,15.350616492503278,16.367716299872093,17.79463096696288,16.109336704827204,15.040538258629336,16.886973995106057,14.858472547061597,0.0044262853340288,0.0256793305395786,0.0061138827287812,0.0043039541919008,0.0222261780300492,0.0058021534625981,0.0054373320251182,0.0417175635211407,0.0079133112361379,0.78393829502809,0.6593505828961277,0.7587202123239258,0.5432397462146685,0.248306388960696,0.4921439454416827,0.78393829502809,0.6593505828961277,0.7587202123239258,0.0061738175826808,0.0339621996752916,0.0084287927264127,0.5432397462146685,0.248306388960696,0.4921439454416827,0.0070111754656131,0.0489875813150776,0.0100000028370634,13.0,B,13.0,09 14 53.66,+49 38 24.0,15.37,9521.0,138.7235833,49.64,110.0,10.0,0.031768,1.016e-05,25.0,25.0,0.0,13.0
13,13,,,30.0,25.0,,91.0,22.0,,,,,,,,,0.086,844.3568009412598,988.6797333289536,577.3360174037516,392.7388622443236,473.7148886572468,260.61924147233367,1458.7755689080327,1678.5836240606336,1008.2000246942044,3.3977908415049924,3.406163089201376,3.324103990541219,1.4382748671299384,1.4446103503960044,1.3954251802080075,6.222121788318566,6.233329980739688,6.107293094979028,[0.10468515 0.07156296 0.03932416],0.104685149333091,0.0715629626650817,0.0393241601934995,15.11212202285848,15.892924869833584,14.681221854797595,15.910055156548678,16.573878404031337,15.439429830915689,14.550704636601642,15.394867387474491,14.140155517446688,0.004369129885263,0.0125622962897012,0.0050562634207553,0.0039761461005231,0.0102334868587042,0.0044272385876701,0.0046309953634943,0.0141333683573153,0.0054653270765696,0.7979331336901971,0.6809535341977515,0.7582079761180918,0.5614173862568386,0.4980574823590924,0.541066337350907,0.7979331336901971,0.6809535341977515,0.7582079761180918,0.0059075404160279,0.016202948539001,0.0067205834041565,0.5614173862568386,0.4980574823590924,0.541066337350907,0.006366742810182,0.0189093466093835,0.0074455087021609,14.0,B,14.0,09 18 15.97,+20 22 05.3,14.73,9548.0,139.5665417,20.36813889,30.0,130.0,0.031881,9.17e-06,25.0,25.0,0.0,14.0
14,14,,,34.0,19.0,,65.0,15.0,,,,,,,,,0.069,1243.1621877338675,1182.704986610397,899.9545737542212,591.8310581297317,562.779347871701,425.0254531763494,2126.055226392443,2025.5225016906309,1570.4145926460624,5.045569288357736,5.016075469510348,4.939639292634976,2.3430720288363944,2.328207245462675,2.2891996614763306,9.544074452272165,9.502042351934836,9.397066728270826,[0.08399157 0.0574168  0.03155078],0.0839915733021312,0.0574167956266353,0.0315507796901333,14.70626372419545,16.31407508504782,14.483759056054382,15.485514045840995,17.06824871059632,15.258318755709274,14.14951286640096,15.823163263028354,13.938910585760398,0.00440663117334,0.027032817921429,0.0061628240940069,0.0042984532445847,0.0257346982715196,0.0059806414279213,0.0048739783638274,0.0318818100807993,0.006907735102975,0.7792503216455451,0.7541736255484999,0.7745596996548922,0.5567508577944889,0.4909118220194646,0.5448484702939833,0.7792503216455451,0.7541736255484999,0.7745596996548922,0.0061558994950968,0.0373235574389593,0.0085876930955316,0.5567508577944889,0.4909118220194646,0.5448484702939833,0.0065706973289682,0.0417997973535912,0.0092572784913572,15.0,B,15.0,09 36 34.63,+21 13 57.8,14.43,10281.0,144.1442917,21.23272222,60.0,115.0,0.034274,9.19e-06,25.0,25.0,0.0,15.0
15,15,,,19.0,14.0,,40.0,12.0,,,,,,,,,0.032,137.85903818079532,148.22925852822203,128.45647454215214,59.46295171144985,64.35237621439606,55.1088858244475,232.73598087717005,244.99696897536435,218.1315024169162,0.8276894308592216,0.8274710337579712,0.8247279541850763,0.3187038991780368,0.3185922728405191,0.3170910367457257,1.5125264100557885,1.511061777958527,1.5085127461444647,[0.03895261 0.02662808 0.01463225],0.0389526137053362,0.0266280791311932,0.0146322456533951,17.12478381044492,19.233202366367376,16.979262181189412,18.0254312273776,20.046457401193376,17.868553737316752,16.56820892882813,18.91238178651065,16.44959998037064,0.006518632316301,0.0641511506755309,0.0098617165166146,0.0058192261227514,0.0527977418185185,0.0087074703331771,0.0070560842284077,0.0862900741848603,0.0109435044322738,0.9006474169326779,0.8132550348259997,0.8892915561273398,0.5565748816167897,0.3208205798567256,0.5296622008187732,0.9006474169326779,0.8132550348259997,0.8892915561273398,0.0087381897406063,0.0830841240799324,0.0131557398977492,0.5565748816167897,0.3208205798567256,0.5296622008187732,0.0096062943903207,0.1075237045298541,0.0147313862862009,16.0,B,16.0,09 42 07.35,+36 24 17.2,16.95,18028.0,145.530625,36.40477778,30.0,140.0,0.060119,1.821e-05,25.0,25.0,0.0,16.0
19,19,,,22.0,17.5,,82.0,12.0,,,,,,,,,0.086,139.62206709567317,156.84662215688795,116.8611701107584,50.9818212055665,60.14444693945892,40.79167710710317,301.8035185528121,326.52332227433266,258.53562542109285,0.7693032549921346,0.7693099567015672,0.7620630688856993,0.2238443360236827,0.2244063649052776,0.2189308317889203,1.8445397278002853,1.8438387056684404,1.8333065504372288,[0.10468515 0.07156296 0.03932416],0.104685149333091,0.0715629626650817,0.0393241601934995,17.066051878785704,18.423682011846868,16.79262575197666,18.1267764867706,19.1784570220056,17.777392434200063,16.26136509316282,17.879600016576727,16.040784364703672,0.0059822950179565,0.0294031031665498,0.008029694059607,0.0047671090224689,0.0175886895189619,0.0059465530602754,0.006635719733125,0.0415232712267151,0.0093600985428004,1.0607246079848949,0.7547750101587312,0.9847666822234018,0.8046867856228843,0.5440819952701403,0.7518413872729894,1.0607246079848949,0.7547750101587312,0.9847666822234018,0.0076493909635978,0.0342622893983635,0.0099918706951981,0.8046867856228843,0.5440819952701403,0.7518413872729894,0.0089342391986364,0.0508795099149954,0.0123323733085657,20.0,B,20.0,10 26 00.41,+04 14 33.0,17.84,22287.0,156.5017083,4.2425,90.0,5.0,0.074281,3.225e-05,25.0,25.0,0.0,20.0
21,21,,,32.0,17.6,,45.0,12.5,,,,,,,,,0.079,360.171089109585,296.5945799134536,240.74741770792755,132.55229342962474,107.09650079859044,77.67027537804097,804.5268138026571,678.6785425121913,589.7228240966797,1.3525865915137851,1.296168705869278,1.279316165361266,0.4051169716451557,0.3724435962181398,0.357589743114214,3.53321836012415,3.457328366082188,3.438760512583434,[0.09616427 0.06573807 0.03612336],0.0961642650850487,0.0657380703551332,0.0361233564568193,16.04298980685424,18.066759154762103,15.886480969234468,17.09786761909121,18.731999340977485,16.880192176388775,15.200025335716989,17.590941964953227,15.08616147761534,0.004077373994974,0.0354059712705159,0.0059204538236996,0.0033183142433566,0.0190505420555201,0.0043990263115392,0.0047681979358414,0.0595168414356711,0.0073175059472088,1.0548778122369704,0.6652401862153781,0.9937112071543072,0.8429644711372539,0.475817189808879,0.8003194916191276,1.0548778122369704,0.6652401862153781,0.9937112071543072,0.0052570132311565,0.0402057950327778,0.0073758528976772,0.8429644711372539,0.475817189808879,0.8003194916191276,0.006273809867238,0.0692519834812507,0.0094126333597987,23.0,B,23.0,10 46 23.65,+06 37 10.1,15.64,8330.0,161.5985417,6.619472222,160.0,95.0,0.027816,7.27e-06,25.0,25.0,0.0,22.0
24,24,,,27.5,10.0,,52.5,10.1,,,,,,,,,0.081,206.89604268542644,236.6907403313126,192.0695143956691,90.95995306534196,113.50055951170488,84.65559250768274,374.3424178161488,409.88207972463886,348.3054334614426,1.1788700113631494,1.1773360158853234,1.1734969198059528,0.4868820975795787,0.4939160618973746,0.4849097293673661,1.9598956416654292,1.9450827978078435,1.9501017480553584,[0.0985988  0.06740233 0.03703787],0.0985988034416323,0.0674023253008328,0.0370378718101565,16.6432172147859,18.30874392960936,16.431178154406382,17.50427562759082,18.751226080304185,17.20521456221188,16.029789525540487,17.989422049162723,15.86444747202888,0.0061864008389308,0.0404473590134777,0.0087970050872405,0.0058116292167717,0.0260533193546989,0.0076691998826248,0.0056844470581715,0.0485648095010381,0.0084196266558601,0.861058412804919,0.4424821506948255,0.7740364078054967,0.6134276892454125,0.3193218804466369,0.5667306823775018,0.861058412804919,0.4424821506948255,0.7740364078054967,0.0084880262424876,0.0481119974701018,0.0116706437416532,0.6134276892454125,0.3193218804466369,0.5667306823775018,0.0084014578316551,0.0632022908844076,0.012176921266437,27.0,B,27.0,11 44 44.02,+23 09 45.0,16.28,14508.0,176.1834167,23.1625,40.0,120.0,0.048352,1.63e-05,25.0,25.0,0.0,25.0
27,27,,,32.3,26.2,,50.0,11.1,,,,,,,,,0.047,485.4166576046208,364.1528313718155,286.86949715577066,213.51766352188253,159.59519333726854,119.55723410099743,922.1198629200826,711.063109740119,583.3514110669494,1.4487735769190215,1.3862187196328668,1.3614801365058524,0.5919399862393613,0.560226284737042,0.543338828866871,3.105946255039965,3.019430815864845,2.9868905026521344,[0.05721165 0.03910999 0.02149111],0.0572116513797125,0.03910999122394,0.0214911108034241,15.745603319919146,17.740675382594645,15.5851977366732,16.61920382758569,18.436608515951075,16.432605234248623,15.066540446591352,17.21293218565245,14.92570982661373,0.0032404860861596,0.0272967037280244,0.0046764992110788,0.0030100117409641,0.0211634367977115,0.0041943561828867,0.003657049842144,0.0361071804144179,0.0054416416063592,0.8736005076665432,0.69593313335643,0.8474074975754231,0.6790628733277941,0.5277431969421968,0.6594879100594699,0.8736005076665432,0.69593313335643,0.8474074975754231,0.0044227729712632,0.0345398478790262,0.0062819000835847,0.6790628733277941,0.5277431969421968,0.6594879100594699,0.0048861808831152,0.0452640973829686,0.0071750336754109,31.0,B,31.0,12 17 11.51,+31 30 37.8,15.08,14913.0,184.2979583,31.5105,10.0,88.0,0.049711,1.633e-05,25.0,25.0,0.0,28.0
30,30,,,12.5,12.7,,33.7,12.3,,,,,,,,,0.033,146.7100078097713,192.54295369629745,159.106938932091,58.47603358511839,83.56385061537944,64.46963122533634,306.7835471319537,365.853950371182,325.7850591689348,0.8468548883792647,0.8662734034796574,0.8543581415915804,0.3152924491871277,0.3303651260537323,0.3201062281370633,2.287829433905888,2.301461907988441,2.294400353006686,[0.04016988 0.02746021 0.0150895 ],0.0401698828836279,0.027460206604043,0.0150895033300637,17.056390442865567,18.66200352257413,16.833478098845973,18.042385349962288,19.2575753465078,17.7355920976545,16.26783033518394,18.47789218497353,16.13454861694904,0.006267200351335,0.0395087334517843,0.0089344150559326,0.0058540979300696,0.0261571001940057,0.007805885618369,0.008096846359347,0.0880581413273674,0.0124406086862928,0.9859949070967212,0.5955718239336676,0.9021139988085274,0.7885601076816258,0.1841113376006014,0.6989294818969327,0.9859949070967212,0.5955718239336676,0.9021139988085274,0.0085760283825685,0.0473828440421572,0.011864047482994,0.7885601076816258,0.1841113376006014,0.6989294818969327,0.0102389804771102,0.0965151608453032,0.015316413316346,37.0,B,37.0,12 53 09.76,+49 48 32.5,16.38,20297.0,193.2906667,49.80902778,10.0,130.0,0.06762,2.036e-05,25.0,25.0,0.0,31.0
31,31,,,36.0,20.0,,183.0,15.7,,,,,,,,,0.065,440.6531980544092,751.9964711176145,256.9400438088924,212.50138940441255,414.87160033263785,118.16481937747449,785.1653529186729,1234.1671500397506,480.6792323477566,1.4554736567175528,1.53259914124006,1.350480661463534,0.6699922993284984,0.7336630965565777,0.6098895113332976,2.742624800797968,2.8395819957058115,2.588042937576964,[0.0791225  0.05408829 0.02972175],0.0791224965889642,0.0540882857352362,0.0297217489834589,15.835669398326257,15.70927495596047,15.01805897187393,16.602473068519366,16.24005882385286,15.653639094935723,15.232875433045258,15.27758751921661,14.502426340206243,0.0035861771822993,0.0044799794247476,0.0029103498329877,0.0034232006591999,0.0034911752226606,0.0024857490888682,0.0037925349497717,0.0055361614152261,0.0033309811012463,0.7668036701931094,0.5307838678923886,0.6355801230617946,0.6027939652809984,0.4316874367438608,0.5156326316676854,0.7668036701931094,0.5307838678923886,0.6355801230617946,0.0049577181783549,0.0056796584476078,0.0038274122698216,0.6027939652809984,0.4316874367438608,0.5156326316676854,0.0052195773897974,0.007121748300916,0.0044232986839272,42.0,B,42.0,13 39 04.59,+02 09 49.5,15.04,7041.0,204.769125,2.16375,90.0,330.0,0.023369,1.237e-05,25.0,25.0,0.0,32.0
33,33,,,93.0,21.7,,98.0,30.0,,,,,,,,,0.036,1255.8313098815124,1052.920973320866,786.3416229706199,529.2068490060514,442.9119394351034,309.55295376324284,2529.328845159745,2152.445268837768,1670.5898730336994,3.099139540837843,3.044793728427704,2.9779871499916446,1.1174671902641704,1.0885338564292133,1.0481199367003524,7.278129999125574,7.19902464639268,7.098485058720971,[0.04382169 0.02995659 0.01646128],0.0438216904185032,0.0299565890225923,0.0164612763600695,14.722715144695428,16.40547714783524,14.51371387020574,15.647114669081354,17.1436226006073,15.40310571544878,13.976025481483006,15.77624690722658,13.786695401458829,0.0026793789712111,0.0173462897222799,0.0037564343788102,0.0022926282764062,0.0123026556898389,0.0030797649618257,0.0031242000256743,0.0227805252270922,0.0044917205818488,0.924399524385926,0.7381454527720628,0.8893918452430416,0.7466896632124218,0.6292302406086581,0.7270184687469108,0.924399524385926,0.7381454527720628,0.8893918452430416,0.0035263601751872,0.0212661492553777,0.0048575458271021,0.7466896632124218,0.6292302406086581,0.7270184687469108,0.0041157863734397,0.0286329547331647,0.0058554549804188,47.0,B,47.0,13 59 41.70,+25 00 46.1,14.49,9370.0,209.92375,25.01280556,20.0,90.0,0.031227,1.239e-05,50.0,25.0,20.0,34.0
34,34,,,29.5,19.2,,65.0,42.3,,,,,,,,,0.045,435.21178001491694,495.9825220394421,344.6141105750576,187.8795299402073,220.54322633019623,143.57471491442993,825.2010254256115,921.9803779762192,669.8104765107855,1.86241414554774,1.8654371870007929,1.8294385857744784,0.7373448666770724,0.7394248538859955,0.7178326884397496,3.8409852377669207,3.846852098779032,3.791721555328492,[0.05477711 0.03744574 0.0205766 ],0.054777113023129,0.0374457362782404,0.0205765954500869,15.86580265863342,17.01246613060135,15.541735781261838,16.760524224621953,17.729440168699846,16.387730973167642,15.188024007119934,16.475190282695827,14.898510274977715,0.0046462218141373,0.018741075986561,0.0059390389653493,0.0042610390679529,0.0145371815606434,0.0051947081845798,0.0050536737183938,0.0232562482706501,0.0066793269889706,0.894721565988533,0.7169740380984955,0.8459951919058035,0.6777786515134867,0.5372758479055229,0.6432255062841232,0.894721565988533,0.7169740380984955,0.8459951919058035,0.0063042708606774,0.023718296247015,0.0078903217269563,0.6777786515134867,0.5372758479055229,0.6432255062841232,0.0068649104289969,0.029867725269263,0.0089378740681176,49.0,B,49.0,14 14 46.25,+30 25 17.8,15.98,20499.0,213.6927083,30.42161111,30.0,120.0,0.068384,1.54e-05,25.0,25.0,0.0,35.0
35,35,,,17.5,9.2,,25.0,14.1,,,,,,,,,0.091,110.83645531477111,131.04640575649793,115.6655770286452,50.425602506268014,65.54927494996149,54.34382911410648,199.6162588325107,223.69706467116288,204.402386414411,0.7761909804087583,0.7815487859385372,0.777420391456201,0.3426306113613843,0.3492390844435015,0.3445452587271848,1.617057659894202,1.6209726249981466,1.6172877357087867,[0.1107715  0.0757236  0.04161045],0.1107714952245498,0.0757236000293307,0.0416104485768425,17.31256982981002,19.456827059643103,17.171479323113278,18.13260076465396,19.76565565308867,17.91472961695424,16.707899771749336,19.24479569890744,16.60772090128523,0.0076034428098873,0.077815952465379,0.0115974742268093,0.0073773329642858,0.0475351222749519,0.0105417286101553,0.0087953659526387,0.1288498229173975,0.0139031811220634,0.8200309348439383,0.3088285934455648,0.743250293840962,0.6046700580606839,0.2120313607356649,0.563758421828048,0.8200309348439383,0.3088285934455648,0.743250293840962,0.0105942146584429,0.0911861300187082,0.0156725700040444,0.6046700580606839,0.2120313607356649,0.563758421828048,0.0116262979836259,0.1505244143783287,0.0181052438192477,51.0,B,51.0,14 18 16.05,+20 31 34.3,17.17,22616.0,214.566875,20.52619444,90.0,0.0,0.075438,2.041e-05,25.0,25.0,0.0,36.0
36,36,,,112.0,22.0,,80.0,21.8,,,,,,,,,0.047,837.2887910185507,536.2085541797196,348.949423417449,590.619493779443,372.822439210737,247.35591130889952,1050.950896255416,678.8426531300115,433.27194518968463,1.4975670523922642,1.3604775920907848,1.2618155584815876,1.062947080444608,0.9662438129954958,0.8961087504561733,1.861395165995782,1.6868202735525155,1.5573844553364875,[0.05721165 0.03910999 0.02149111],0.0572116513797125,0.03910999122394,0.0214911108034241,15.153701815663291,16.77978250101832,14.934559316969052,15.514518906028638,17.196468649345015,15.305375358152649,14.92455282696494,16.503067483619866,14.696559494445443,0.0019419378179627,0.0107585745558698,0.0025268953403516,0.0019540163186886,0.0114038393333684,0.0025670520807182,0.0019230052805361,0.0101504757084149,0.0024750897707092,0.3608170903653462,0.4166861483266935,0.3708160411835965,0.2291489886983519,0.2767150173984554,0.2379998225236086,0.3608170903653462,0.4166861483266935,0.3708160411835965,0.0027548688285534,0.0156778339707847,0.0036020766852207,0.2291489886983519,0.2767150173984554,0.2379998225236086,0.002732960262756,0.0147911826295713,0.0035371272855469,52.0,B,52.0,14 18 25.60,+25 30 06.7,15.07,4450.0,214.6066667,25.50186111,170.0,60.0,0.01497,8.42e-06,40.0,25.0,0.0,37.0
37,37,,,25.0,15.0,,66.0,10.8,,,,,,,,,0.067,348.0507729381899,355.6091828488354,307.75878966320306,136.07703912242022,144.69322990864424,116.96122802048922,717.1842506314956,709.9101287179466,638.1397199537605,1.953820622928673,1.9425342828019247,1.9433220800072424,0.6583514852050167,0.6540000304319707,0.6514189192847984,4.00470099567448,3.980096400386192,3.984966372950166,[0.08155703 0.05575254 0.03063626],0.0815570349455477,0.0557525406809358,0.0306362643367961,16.090140952911856,18.24453368252965,15.950280506906251,17.083980837639,18.81098991231442,16.882598295476264,15.33028687594668,17.829500186317443,15.226733622253306,0.0060948975059264,0.0623462825780287,0.009246284536466,0.0052528776901172,0.0361392273072324,0.0075148564599414,0.0060626664018432,0.0852026664597557,0.0095103997145819,0.9938398847271444,0.5664562297847695,0.9323177885700122,0.7598540769651745,0.4150334962122066,0.7235468846529454,0.9938398847271444,0.5664562297847695,0.9323177885700122,0.0080461481241075,0.0720631854809599,0.011914984068089,0.7598540769651745,0.4150334962122066,0.7235468846529454,0.0085967260924021,0.1055772386603845,0.013264293439924,54.0,B,54.0,14 39 48.62,+21 46 20.3,15.85,11805.0,219.9525833,21.77230556,160.0,65.0,0.039379,1.644e-05,25.0,25.0,0.0,38.0
39,39,,,19.2,17.6,,82.3,8.3,,,,,,,,,0.033,379.1812157940003,355.07381683915355,329.6177832763642,172.59801209902355,161.67247223365607,148.29609987698495,615.5096043328246,564.8140903638572,547.1379999574274,1.941369227441187,1.905767317034072,1.925466551535565,0.8401191833634452,0.8213709699995152,0.8312776301747765,3.7466570079993415,3.7040777748621183,3.7308084821699854,[0.04016988 0.02746021 0.0150895 ],0.0401698828836279,0.027460206604043,0.0150895033300637,16.025422756534915,18.958062956137823,15.954875143987932,16.867240643584335,19.64398424293375,16.786197292265776,15.511823411681108,19.366444961305408,15.481082760434443,0.0055588588496465,0.1155481485990061,0.0089429739721066,0.0052848106568354,0.0948547961796099,0.0084025446645819,0.0066089645584084,0.3229239407661333,0.0110697846607539,0.8418178870494195,0.6859212867959279,0.8313221482778435,0.5135993448538088,-0.408382005167585,0.4737923835534889,0.8418178870494195,0.6859212867959279,0.8313221482778435,0.0076700805334034,0.1494951738449551,0.0122710855390251,0.5135993448538088,-0.408382005167585,0.4737923835534889,0.0086359321584061,0.3429741187970124,0.01423084382253,58.0,B,58.0,15 38 01.95,+56 42 21.8,15.66,,234.508125,56.70605556,160.0,60.0,0.045861,1.346e-05,25.0,25.0,0.0,40.0
41,41,,,22.2,13.4,,65.0,15.2,,,,,,,,,0.111,202.66216852661165,235.5261145047677,182.3015510444529,80.82103941772223,100.71676157366645,70.97390858992003,375.7728883904135,408.9968074866133,340.29624219145626,1.2235234775703068,1.225526615390879,1.2167487172372222,0.3837431714004772,0.3865124355111797,0.3786689452450884,2.461901521781829,2.4623702071313383,2.4514871426440035,[0.13511688 0.09236615 0.0507556 ],0.135116878790385,0.0923661494863264,0.0507556021102145,16.64070213706377,18.09235358024265,16.387514430972047,17.596072042490977,18.681426560133566,17.255849822121945,16.011930790351755,17.856843621341444,15.829629828618293,0.0065548678701482,0.0352285397845298,0.0089802122670372,0.0051551410068458,0.0197521286918036,0.0065141461789927,0.0071132742604105,0.0549126776585834,0.0104022067594044,0.955369905427208,0.5890729798909113,0.8683353911498983,0.6287713467120142,0.2355099589012113,0.5578846023537558,0.955369905427208,0.5890729798909113,0.8683353911498983,0.008339170917757,0.0403880750124065,0.0110940665584055,0.6287713467120142,0.2355099589012113,0.5578846023537558,0.0096728984021812,0.0652414912688673,0.0137422748417591,68.0,B,68.0,17 50 57.21,+51 25 19.2,16.46,,267.738375,51.422,20.0,115.0,0.076406,4.8e-07,25.0,25.0,0.0,42.0
42,42,,,27.2,18.1,,95.0,14.0,,,,,,,,,0.267,698.4889993913293,784.4188454751754,564.9126069806516,320.3899342287204,373.3503460573949,258.9711391078308,1278.0615174455986,1403.4488069561726,1051.3153700828552,3.19985761063102,3.1966845031155118,3.1591558562927866,1.4510054940666792,1.453408403504585,1.4313610903704626,6.705216012397942,6.695160897575042,6.649222515281784,[0.32501087 0.22217804 0.1220878 ],0.3250108706038991,0.2221780352508934,0.122087799670516,15.16742303791231,16.424204795613026,14.870720894004334,15.910791971177654,17.02912142681627,15.579342350954706,14.611532804341271,16.01114403654561,14.347313338825655,0.0049738811362246,0.0222301813418768,0.0065251874388911,0.0049171619639164,0.0193635972555482,0.0062514657441982,0.0056962013846835,0.029093980385524,0.0077096158068245,0.7433689332653444,0.6049166312032455,0.7086214569503717,0.5558902335710378,0.4130607590674167,0.5234075551786788,0.7433689332653444,0.6049166312032455,0.7086214569503717,0.006994138641511,0.0294810084828827,0.009036531141071,0.5558902335710378,0.4130607590674167,0.5234075551786788,0.0075621560267004,0.0366147600998011,0.0101003092527655,69.0,B,69.0,20 48 05.67,+00 04 07.8,15.36,7396.0,312.023625,0.068833333,40.0,125.0,0.024692,8.49e-06,25.0,25.0,0.0,43.0
